Powered by random-d.uk, https://random-d.uk/api/154.jpg
Evidence suggests domesticated cats have been around since 3600 B.C., 2,000 years before Egypts pharaohs.
699868, https://random.dog/e4ca030c-32b9-4b98-8257-6e2914c0119c.mp4
2020-01-05 13:42:23.240175, https://api.chucknorris.io/img/avatar/chuck-norris.png, RHLTt_pHSuKi_rAvBr55pg, 2020-01-05 13:42:23.240175, https://api.chucknorris.io/jokes/RHLTt_pHSuKi_rAvBr55pg, After Mr. T predicted pain in Rocky III, the studio had to hire a Mr. T look-alike to walk around the set as a safety precaution, because Chuck Norris would be the first to say be careful what you wish for.
https://randomfox.ca/images/45.jpg, https://randomfox.ca/?i=45







































































































































































































































































































































































































































































































































































































































































































































































































































































































































































































































































































































































































































































































































































































































































































































































































































































































































































































































































































































































































































































































































































































































































































































































































































































































































































































































































































































































































































































































































































































































































































































































































































































































































































































































































































































































































































































































































































































































































































































































































































































































































































































































































































































































































































































































































































































































































































































































































































































































































































































































































































































































































































































































































































































































































































































































































































































































































































































































































































































































































































































































































































































































































































































































































































































































































































































































































































































































































































































































































































































































































































































































































































































































































































































































































































































































































































































































































































































































































































































































































































































































































































































































































































































































































































































































































































































































































































































































































































































































































































































































































































































































































































































































































































































































































































































































































































































































































































































































































































































































































































































































































































































































































































































































































































































































































































































































































































































































































































































































































































































































































































































































































































































































































































































































































































































































































































































































































































































































































































































































































































































































































































































































































































































































































































































































































































































































































































































































































































































































































































































































































































































































































































































































































































































































































































































































































































































































































































































































































































































































































































































































































































































































































































































































































































































































































































































































































































































































































































































































































































































































































































































































































































































































































































































































































































































































































































































































































































































































































































































































































































































































































































































































































































































































































































































































































































































































































































































































































































































































































































































































































































































































































































































































































































































































































































































































































































































































































































































































































































































































































































































































































































































































































































































































































































































































































































































































































































































































































































































































































































































































































































































































































































































































































































































































































































































































































































































































































































































































































































































































































































































































































































































































































































































































































































































































































































































































































































































































































































































































































































































































































































































































































































































































































































































































































































































































































































































































































































































































































































































































































































































































































































































































































































































































































































































































































































































































































































































































































































































































































































































































































































































































































































































































































































































































































































































































































































































































































































































































































































































































































































































































































































































































































































































































































































































































































































































































































































































































































































































































































































































































































































































































































































































































































































































































































































































































































































































































































































































































































































































































































































































































































































































































































































































































































































































































































































































































































































































































































































































































































































































































































































































































































































































































































































































































































































































































































































































































































































































































































































































































































































































































































































































































































































Powered by random-d.uk, https://random-d.uk/api/417.jpg
In tigers and tabbies, the middle of the tongue is covered in backward-pointing spines, used for breaking off and gripping meat.
2406350, https://random.dog/536a5862-8f10-4b20-95e7-e06c32d8c3c7.jpg
2020-01-05 13:42:25.905626, https://api.chucknorris.io/img/avatar/chuck-norris.png, weAaApZJS2ii94Zk5x2Hxg, 2020-01-05 13:42:25.905626, https://api.chucknorris.io/jokes/weAaApZJS2ii94Zk5x2Hxg, Chuck Norris is the only officer in the military with the ranking of 'Darth'.
https://randomfox.ca/images/121.jpg, https://randomfox.ca/?i=121
Powered by random-d.uk, https://random-d.uk/api/361.jpg
1757167, https://random.dog/00186969-c51d-462b-948b-30a7e1735908.jpg
Cats have been domesticated for half as long as dogs have been.
2020-01-05 13:42:20.568859, https://api.chucknorris.io/img/avatar/chuck-norris.png, xALSjydMR0udY-ojLIiVnw, 2020-01-05 13:42:20.568859, https://api.chucknorris.io/jokes/xALSjydMR0udY-ojLIiVnw, On an upcoming episode of Pawn Stars, Chuck Norris demands $100,000 for a Bic pen with no ink left. He gets $250,000. And he gets to bang the brunette who posed naked for Suicide Girls.
https://randomfox.ca/images/28.jpg, https://randomfox.ca/?i=28
Powered by random-d.uk, https://random-d.uk/api/243.jpg
2020-01-05 13:42:19.324003, https://api.chucknorris.io/img/avatar/chuck-norris.png, n20qoz6tswuf4-apuugeiw, 2020-01-05 13:42:19.324003, https://api.chucknorris.io/jokes/n20qoz6tswuf4-apuugeiw, The crossing lights in Chuck Norris's home town say "Die slowly" and "die quickly". They each have a picture of Chuck Norris punching or kicking a pedestrian.
104652, https://random.dog/5c9f8baf-7918-4545-bd86-8f441cf96f3e.jpg
Not every cat gets 'high' from catnip. Whether or not a cat responds to it depends upon a recessive gene: no gene, no joy.
https://randomfox.ca/images/102.jpg, https://randomfox.ca/?i=102
Powered by random-d.uk, https://random-d.uk/api/221.jpg
10878976, https://random.dog/90d51c23-dd69-4de7-8e76-05e6219c5350.JPG
2020-01-05 13:42:19.104863, https://api.chucknorris.io/img/avatar/chuck-norris.png, flmoeke9rlccti38mujbiq, 2020-01-05 13:42:19.104863, https://api.chucknorris.io/jokes/flmoeke9rlccti38mujbiq, In the medical community, death is referred to as "Chuck Norris Disease"
Of all the species of cats, the domestic cat is the only species able to hold its tail vertically while walking. All species of wild cats hold their talk horizontally or tucked between their legs while walking.
https://randomfox.ca/images/69.jpg, https://randomfox.ca/?i=69
Powered by random-d.uk, https://random-d.uk/api/59.jpg
2020-01-05 13:42:26.766831, https://api.chucknorris.io/img/avatar/chuck-norris.png, -gOdC_s-QBOkPQ6ntQ-Xgg, 2020-01-05 13:42:26.766831, https://api.chucknorris.io/jokes/-gOdC_s-QBOkPQ6ntQ-Xgg, The goverment called Chuck Norris to ask him to destroy an asteroid the size of Texas.Chuck Norris then rode on top of a rocket with nothing but a fork and a cherrybomb.Needless to say, the asteroid lost.
The way you treat kittens in the early stages of it's life will render it's personality traits later in life.
52852, https://random.dog/175c551f-d957-4be4-a15b-79dc3f0323fe.jpg
https://randomfox.ca/images/74.jpg, https://randomfox.ca/?i=74
Powered by random-d.uk, https://random-d.uk/api/472.jpg
2033460, https://random.dog/b3b24c5f-2c21-4b94-a68f-3b06d4432a04.JPG
The Maine Coon is 4 to 5 times larger than the Singapura, the smallest breed of cat.
2020-01-05 13:42:19.324003, https://api.chucknorris.io/img/avatar/chuck-norris.png, -hjkiiyxqmk8lly86gelhg, 2020-01-05 13:42:19.324003, https://api.chucknorris.io/jokes/-hjkiiyxqmk8lly86gelhg, All roads lead to Chuck Norris. And by the transitive property, a roundhouse kick to the face.
https://randomfox.ca/images/89.jpg, https://randomfox.ca/?i=89
20283, https://random.dog/4cf97b2e-602b-4769-b605-1c379122385c.jpg
Abraham Lincoln loved cats. He had four of them while he lived in the White House.
Powered by random-d.uk, https://random-d.uk/api/426.jpg
2020-01-05 13:42:25.905626, https://api.chucknorris.io/img/avatar/chuck-norris.png, lhSaSSxCTY2ZsJs4jER-FA, 2020-01-05 13:42:25.905626, https://api.chucknorris.io/jokes/lhSaSSxCTY2ZsJs4jER-FA, Chuck Norris invented Muay Thai in his sleep while acting out his dreams.
https://randomfox.ca/images/118.jpg, https://randomfox.ca/?i=118
Powered by random-d.uk, https://random-d.uk/api/38.gif
14320288, https://random.dog/433e0ceb-3037-4349-b57e-fab2b3583a16.gif
A cats purr may be a form of self-healing, as it can be a sign of nervousness as well as contentment. Similarly, the frequency of a domestic cats purr is the same at which muscles and bones repair themselves.
2020-01-05 13:42:21.795084, https://api.chucknorris.io/img/avatar/chuck-norris.png, QixBgJa-S36ofpsJjFo71Q, 2020-01-05 13:42:21.795084, https://api.chucknorris.io/jokes/QixBgJa-S36ofpsJjFo71Q, Chuck Norris is even better than the real thing.
https://randomfox.ca/images/56.jpg, https://randomfox.ca/?i=56
2020-01-05 13:42:29.296379, https://api.chucknorris.io/img/avatar/chuck-norris.png, X4HkJL60TF-TamfYGRI91g, 2020-01-05 13:42:29.296379, https://api.chucknorris.io/jokes/X4HkJL60TF-TamfYGRI91g, Recent testimonials from women worldwide have equated Chuck Norris' to that of a rivet gun.
Powered by random-d.uk, https://random-d.uk/api/124.jpg
4436718, https://random.dog/631d7e1b-7887-468d-b27c-77f5e91e53d6.gif
Cats can get tapeworms from eating mice. If your cat catches a mouse it is best to take the prize away from it.
https://randomfox.ca/images/14.jpg, https://randomfox.ca/?i=14
2020-01-05 13:42:22.701402, https://api.chucknorris.io/img/avatar/chuck-norris.png, PZ54zXLeQOaciQuiYS4BgA, 2020-01-05 13:42:22.701402, https://api.chucknorris.io/jokes/PZ54zXLeQOaciQuiYS4BgA, Chuck Norris is responsible for the dark matter of the universe. It is made up of the atoms of everything he's killed or destroyed.
Owning a cat can reduce the risk of stroke and heart attack by a third.
299484, https://random.dog/3fd9df57-037e-41c1-935e-ed1efa45dd76.jpg
https://randomfox.ca/images/111.jpg, https://randomfox.ca/?i=111
Powered by random-d.uk, https://random-d.uk/api/364.jpg
Powered by random-d.uk, https://random-d.uk/api/212.jpg
Both humans and cats have identical regions in the brain responsible for emotion.
313294, https://random.dog/0f5041c1-7492-41c8-9250-f5b48fec18b8.png
2020-01-05 13:42:24.142371, https://api.chucknorris.io/img/avatar/chuck-norris.png, vJGLag_FR26B8uMrd1w9rQ, 2020-01-05 13:42:24.142371, https://api.chucknorris.io/jokes/vJGLag_FR26B8uMrd1w9rQ, Chuck Norris pleasures himself with a battery post cleaner.
https://randomfox.ca/images/52.jpg, https://randomfox.ca/?i=52
2020-01-05 13:42:25.099703, https://api.chucknorris.io/img/avatar/chuck-norris.png, 7BtvfR3eSreN13GJ4-LsrA, 2020-01-05 13:42:25.099703, https://api.chucknorris.io/jokes/7BtvfR3eSreN13GJ4-LsrA, Kirby can't swallow Chuck Norris, but Chuck Norris can swallow Kirby.
2033460, https://random.dog/b3b24c5f-2c21-4b94-a68f-3b06d4432a04.JPG
Cats can get tapeworms from eating mice. If your cat catches a mouse it is best to take the prize away from it.
https://randomfox.ca/images/81.jpg, https://randomfox.ca/?i=81
Powered by random-d.uk, https://random-d.uk/api/479.jpg
